"Metric","Value"
"Min",-1168.79296966267
"1Q",-1727.84767486718
"Median",2088.86055961869
"3Q",-26.7756402378334
"Max",-1400.38678544007
