"Experience","Education_Years","Age","Salary","Predicted_Salary"
1,12,22,57318.5730603434,58487.366030006
2,14,24,67309.4675315502,69037.3152064173
3,16,26,81676.1249424474,79587.2643828287
4,16,28,82211.5251742737,82238.3008145115
5,18,30,91387.8632054828,92788.2499909229
6,18,32,101145.19496065,95439.2864226057
7,20,34,106382.748617968,105989.235599017
8,20,36,106204.81629618,108640.2720307
9,22,38,116939.441444319,119190.221207111
10,22,40,122663.0140897,121841.257638794
