"Experience","Education_Years","Age","Salary"
1,12,22,57318.5730603434
2,14,24,67309.4675315502
3,16,26,81676.1249424474
4,16,28,82211.5251742737
5,18,30,91387.8632054828
6,18,32,101145.19496065
7,20,34,106382.748617968
8,20,36,106204.81629618
9,22,38,116939.441444319
10,22,40,122663.0140897
